<Server port="8005" shutdown="SHUTDOWN">
	<Service name="Catalina">
		<!--   <Connector port="8083"/> -->
		<Engine name="Catalina" defaultHost="localhost">
			<Host name="localhost" appBase="" unpackWARs="true"
				autoDeploy="true" xmlValidation="false" xmlNamespaceAware="false">
				<Context path="" docBase="" debug="0" reloadable="true">
					<Logger
						className="org.apache.catalina.logger.FileLogger"
						prefix="localhost_log." suffix=".log" timestamp="true" />
				</Context>
			</Host>
		</Engine>
	</Service>
</Server>
