<sut>
	<!-- Example SUT with all FTP parameters 
	  Creates a FTPServer which listens for ftp sessions on port 299.
	  The FTP server is created with one default user.
	  Default user name is admin, password is admin;
	  home directory is c:/ftp
	-->	
	<ftpserver_1>
		<class>com.aqua.filetransfer.ftp.FTPServer</class>
		<port>299</port>
		<defaultUserName>admin</defaultUserName>
		<defaultUserPassword>admin</defaultUserPassword>
		<defaultUserHomeDirectory>c:/ftp</defaultUserHomeDirectory>
	</ftpserver_1>
	
	<!-- 
	  Typical SUT
	  Creates a FTPServer which listens for ftp sessions on port 21.
	  The FTP server is created with one default user.
	  Default user name is aqua, password is aqua;
	  home directory is currentDirectory/aquaftp21
	-->	
	<ftpserver_2>
		<class>com.aqua.filetransfer.ftp.FTPServer</class>
	</ftpserver_2>
</sut>
